name,0
iBM,0.9602827077719693
kMB,-0.5614722446530069
kNB,1.0216521835584096
lambdaM,2.551929782346048
lambdaN,10.016818966529653
muA,25.429579353262582
muB,2.458459842407454
muM,0.7645950622453153
muN,-0.9944366039820107
sAM,10.256481679965757
sBN,1.0207337915850134
vNM,0.997429489616828
